file,tokens,types,lex_div
Ghostbusters.txt,29349,4862,0.16566152168728066
middlemarch.txt,374039,20420,0.0545932376035654
noise.txt,114158,8603,0.0753604653199951
